<?xml version="1.0" encoding="ISO-8859-1"?>
<!--
 Licensed to the Apache Software Foundation (ASF) under one or more
 contributor license agreements.  See the NOTICE file distributed with
 this work for additional information regarding copyright ownership.
 The ASF licenses this file to You under the Apache License, Version 2.0
 (the "License"); you may not use this file except in compliance with
 the License.  You may obtain a copy of the License at

      http://www.apache.org/licenses/LICENSE-2.0

 Unless required by applicable law or agreed to in writing, software
 distributed under the License is distributed on an "AS IS" BASIS,
 WITHOUT WARRANTIES OR CONDITIONS OF ANY KIND, either express or implied.
 See the License for the specific language governing permissions and
 limitations under the License.
-->
<project name="Codec">
    <bannerRight>
        <name>Apache Commons Codec</name>
        <src>/images/logo.png</src>
        <href>/index.html</href>
    </bannerRight>

    <body>
        <menu name="Codec">
            <item name="Overview"      href="/index.html"/>
            <item name="Download"      href="http://commons.apache.org/codec/download_codec.cgi"/>
            <item name="Users guide"   href="/userguide.html"/>
            <item name="Javadoc trunk" href="/apidocs/index.html"/>            
            <item name="Javadoc 1.9"   href="/archives/1.9/apidocs/index.html"/>
            <item name="Javadoc 1.8"   href="/archives/1.8/apidocs/index.html"/>
            <item name="Javadoc 1.7"   href="/archives/1.7/apidocs/index.html"/>
        </menu>

        <menu name="Development">
            <item name="Release Notes"        href="/changes-report.html"/>
            <item name="Mailing Lists"        href="/mail-lists.html"/>
            <item name="Issue Tracking"       href="/issue-tracking.html"/>
            <item name="Source Repository"    href="/source-repository.html"/>
            <item name="Javadoc trunk"        href="/apidocs/index.html"/>
        </menu>

        <menu name="Site Archives">
            <item name="Codec 1.9"        href="/archives/1.9/index.html"/>
            <item name="Codec 1.8"        href="/archives/1.8/index.html"/>
            <item name="Codec 1.7"        href="/archives/1.7/index.html"/>
        </menu>

    </body>

</project>
